{
  "video_file": "vid.mov",
  "confidence_threshold": 0.7,
  "processing_time": 20.188879013061523,
  "total_detections": 0,
  "total_frames": 573,
  "fps": 28.381962150017756,
  "class_counts": {},
  "timestamp": "2025-08-14 08:54:10"
}